,Unnamed: 0,today,avg volume,charges
count,28.0,28.0,28.0,28.0
mean,13.5,14.5,1450.0,145.0
std,8.225975119502044,8.225975119502044,822.5975119502044,82.25975119502044
min,0.0,1.0,100.0,10.0
25%,6.75,7.75,775.0,77.5
50%,13.5,14.5,1450.0,145.0
75%,20.25,21.25,2125.0,212.5
max,27.0,28.0,2800.0,280.0
